"","Date","Real","SVM","NB","RVM","NET"
"1","1998-01-01","0","0","1","1","0"
"2","1998-01-08","1","1","1","1","0"
"3","1998-01-15","1","0","1","1","0"
"4","1998-01-22","0","1","1","1","0"
"5","1998-01-29","0","0","1","1","0"
"6","1998-02-05","0","1","1","0","0"
"7","1998-02-12","1","0","1","1","0"
"8","1998-02-19","0","0","1","0","0"
"9","1998-02-26","1","1","1","0","1"
"10","1998-03-05","0","0","1","0","1"
"11","1998-03-12","0","0","1","0","0"
"12","1998-03-19","0","0","1","0","0"
"13","1998-03-26","0","1","1","1","1"
"14","1998-04-02","0","0","1","1","0"
"15","1998-04-09","0","0","1","0","1"
"16","1998-04-16","0","1","1","1","1"
"17","1998-04-23","0","1","1","1","1"
"18","1998-04-30","0","0","0","0","0"
"19","1998-05-07","0","0","0","0","0"
"20","1998-05-14","0","1","1","1","0"
"21","1998-05-21","0","0","0","0","0"
"22","1998-05-28","0","0","0","0","0"
"23","1998-06-04","0","0","0","0","0"
"24","1998-06-18","0","0","0","0","0"
"25","1998-06-25","0","0","0","0","0"
"26","1998-07-02","0","0","0","0","0"
"27","1998-07-09","0","0","0","0","0"
"28","1998-07-16","0","0","1","0","0"
"29","1998-07-23","0","0","1","0","0"
"30","1998-07-30","0","0","1","0","1"
"31","1998-08-06","0","0","1","0","0"
"32","1998-08-13","0","0","1","0","0"
"33","1998-08-20","0","1","1","1","1"
"34","1998-08-27","0","0","1","0","0"
"35","1998-09-03","0","0","1","0","0"
"36","1998-09-10","0","0","1","0","1"
"37","1998-09-17","0","0","1","0","0"
"38","1998-09-24","0","0","0","0","1"
"39","1998-10-01","0","1","1","1","0"
"40","1998-10-08","0","1","1","1","0"
"41","1998-10-15","0","1","1","1","1"
"42","1998-10-22","0","1","1","1","0"
"43","1998-10-29","0","1","1","1","0"
"44","1998-11-05","0","1","1","1","1"
"45","1998-11-12","1","1","1","1","1"
"46","1998-11-19","0","1","1","1","1"
"47","1998-11-26","1","1","1","1","0"
"48","1998-12-03","1","1","1","1","1"
"49","1998-12-10","1","0","1","1","1"
"50","1998-12-17","1","0","1","1","0"
"51","1998-12-24","1","0","1","1","0"
"52","1998-12-31","1","0","1","0","0"
"53","1999-01-07","1","0","1","0","0"
"54","1999-01-14","1","1","1","1","0"
"55","1999-01-21","1","0","1","0","0"
"56","1999-01-28","0","1","1","1","1"
"57","1999-02-04","1","1","1","1","0"
"58","1999-02-11","1","0","1","1","0"
"59","1999-02-18","1","0","0","1","1"
"60","1999-02-25","0","0","0","0","0"
"61","1999-03-04","0","1","0","0","0"
"62","1999-03-11","0","0","0","0","0"
"63","1999-03-18","0","0","0","0","0"
"64","1999-03-25","0","0","0","0","0"
"65","1999-04-01","0","0","0","0","0"
"66","1999-04-08","0","0","0","0","0"
"67","1999-04-15","0","0","0","0","0"
"68","1999-04-22","0","0","0","0","0"
"69","1999-04-29","0","0","0","1","0"
"70","1999-05-06","0","0","0","0","0"
"71","1999-05-13","0","0","0","0","0"
"72","1999-05-20","0","0","0","0","0"
"73","1999-05-27","0","0","0","1","0"
"74","1999-06-03","0","0","1","1","0"
"75","1999-06-10","0","0","1","1","0"
"76","1999-06-17","0","1","1","1","0"
"77","1999-06-24","0","0","1","1","0"
"78","1999-07-01","0","1","1","1","0"
"79","1999-07-08","0","0","1","1","0"
"80","1999-07-15","0","0","1","1","0"
"81","1999-07-22","0","0","0","0","0"
"82","1999-07-29","0","0","0","0","0"
"83","1999-08-05","0","0","0","0","0"
"84","1999-08-12","0","0","1","0","0"
"85","1999-08-19","0","1","1","0","0"
"86","1999-08-26","0","0","1","1","0"
"87","1999-09-02","0","0","1","0","0"
"88","1999-09-09","1","0","1","0","0"
"89","1999-09-16","0","0","1","1","0"
"90","1999-09-23","0","0","1","1","1"
"91","1999-09-30","1","0","1","1","1"
"92","1999-10-07","1","0","1","1","1"
"93","1999-10-14","0","0","1","1","0"
"94","1999-10-21","0","1","1","1","1"
"95","1999-10-28","0","1","1","1","0"
"96","1999-11-04","0","1","1","1","1"
"97","1999-11-11","0","1","1","1","1"
"98","1999-11-18","0","1","1","1","1"
"99","1999-11-25","0","1","1","1","0"
"100","1999-12-02","0","0","1","0","1"
"101","1999-12-09","0","0","1","0","1"
"102","1999-12-16","0","1","1","1","1"
"103","1999-12-23","1","1","1","1","1"
"104","1999-12-30","0","1","1","1","1"
"105","2000-01-06","0","1","1","1","1"
"106","2000-01-13","1","1","1","1","1"
"107","2000-01-20","1","1","0","0","1"
"108","2000-01-27","1","0","1","1","0"
"109","2000-02-03","1","1","0","1","0"
"110","2000-02-10","1","0","0","0","0"
"111","2000-02-17","1","0","0","0","0"
"112","2000-02-24","0","0","0","0","0"
"113","2000-03-02","1","0","0","0","0"
"114","2000-03-09","1","0","0","0","0"
"115","2000-03-16","0","0","0","0","0"
"116","2000-03-23","0","0","0","0","0"
"117","2000-03-30","0","0","0","0","0"
"118","2000-04-06","0","0","0","0","0"
"119","2000-04-13","0","0","0","0","0"
"120","2000-04-20","1","0","0","0","0"
"121","2000-04-27","0","0","0","0","0"
"122","2000-05-04","0","0","0","0","0"
"123","2000-05-11","0","0","0","0","0"
"124","2000-05-18","0","0","0","0","0"
"125","2000-05-25","0","0","0","0","0"
"126","2000-06-01","0","0","0","0","0"
"127","2000-06-08","0","0","0","0","0"
"128","2000-06-15","0","0","0","0","0"
"129","2000-06-22","0","0","0","0","0"
"130","2000-06-29","0","0","0","0","0"
"131","2000-07-06","0","0","0","0","0"
"132","2000-07-13","0","0","0","0","0"
"133","2000-07-20","0","0","0","0","0"
"134","2000-07-27","0","0","1","0","0"
"135","2000-08-03","0","0","1","0","0"
"136","2000-08-10","0","0","0","0","0"
"137","2000-08-17","0","0","1","0","0"
"138","2000-08-24","0","0","1","0","0"
"139","2000-08-31","0","0","0","0","0"
"140","2000-09-07","0","0","1","0","0"
"141","2000-09-14","0","0","1","0","0"
"142","2000-09-21","0","0","1","1","0"
"143","2000-09-28","1","0","1","1","0"
"144","2000-10-05","1","0","1","1","0"
"145","2000-10-12","0","0","1","1","0"
"146","2000-10-19","0","0","0","0","0"
"147","2000-10-26","0","0","0","0","0"
"148","2000-11-02","0","0","0","0","0"
"149","2000-11-09","0","0","0","0","0"
"150","2000-11-23","0","0","0","1","0"
"151","2000-11-30","0","0","0","0","0"
"152","2000-12-07","0","0","0","0","0"
"153","2000-12-14","0","0","0","0","0"
"154","2000-12-21","0","0","0","0","0"
"155","2000-12-28","0","0","0","0","0"
"156","2001-01-04","0","1","0","1","1"
"157","2001-01-11","0","0","0","0","0"
"158","2001-01-18","0","0","0","0","0"
"159","2001-01-25","0","0","0","0","0"
"160","2001-02-01","0","0","0","0","0"
"161","2001-02-08","0","0","0","0","0"
"162","2001-02-15","0","0","0","0","0"
"163","2001-02-22","0","0","0","0","0"
"164","2001-03-01","0","0","0","0","0"
"165","2001-03-08","0","0","0","0","0"
"166","2001-03-15","0","0","0","0","0"
"167","2001-03-22","0","0","0","0","0"
"168","2001-03-29","0","0","1","0","1"
"169","2001-04-05","0","0","0","0","0"
"170","2001-04-12","0","0","0","0","0"
"171","2001-04-19","0","0","0","0","0"
"172","2001-04-26","0","0","0","0","0"
"173","2001-05-03","0","0","0","0","0"
"174","2001-05-10","0","0","0","0","0"
"175","2001-05-17","0","0","0","0","0"
"176","2001-05-24","0","0","0","0","0"
"177","2001-05-31","0","0","0","0","0"
"178","2001-06-07","0","0","0","0","0"
"179","2001-06-14","0","0","0","0","0"
"180","2001-06-21","0","0","1","0","0"
"181","2001-06-28","0","0","1","0","0"
"182","2001-07-12","0","0","0","0","0"
"183","2001-07-19","0","0","0","0","0"
"184","2001-07-26","0","0","1","0","0"
"185","2001-08-02","0","0","1","1","0"
"186","2001-08-09","0","0","1","1","0"
"187","2001-08-16","1","0","1","0","0"
"188","2001-08-23","1","0","1","0","0"
"189","2001-08-30","1","0","1","0","0"
"190","2001-09-06","1","1","1","0","0"
"191","2001-09-13","1","0","1","0","0"
"192","2001-09-20","1","0","1","0","0"
"193","2001-09-27","1","1","1","1","0"
"194","2001-10-04","1","0","1","1","0"
"195","2001-10-11","1","0","1","1","1"
"196","2001-10-18","1","0","1","1","0"
"197","2001-10-25","1","0","1","1","0"
"198","2001-11-01","1","0","1","1","0"
"199","2001-11-08","1","0","1","1","0"
"200","2001-11-15","1","0","1","1","0"
"201","2001-11-22","1","1","1","1","1"
"202","2001-11-29","1","1","0","0","0"
"203","2001-12-06","1","1","1","1","1"
"204","2001-12-13","1","0","0","1","0"
"205","2001-12-20","1","0","1","1","0"
"206","2001-12-27","0","0","1","1","1"
"207","2002-01-03","1","1","0","1","1"
"208","2002-01-10","1","0","1","1","0"
"209","2002-01-17","1","0","1","1","1"
"210","2002-01-24","1","0","1","1","1"
"211","2002-01-31","1","0","1","1","0"
"212","2002-02-07","1","0","1","1","0"
"213","2002-02-14","1","0","1","1","0"
"214","2002-02-21","1","0","1","1","0"
"215","2002-02-28","1","1","1","1","0"
"216","2002-03-07","1","0","1","1","0"
"217","2002-03-14","0","0","1","1","0"
"218","2002-03-21","0","0","1","1","0"
"219","2002-03-28","0","0","0","0","0"
"220","2002-04-04","0","0","1","1","0"
"221","2002-04-11","1","1","1","1","0"
"222","2002-04-18","0","1","1","0","0"
"223","2002-04-25","0","0","0","0","0"
"224","2002-05-02","0","0","0","0","0"
"225","2002-05-09","0","0","0","1","1"
"226","2002-05-16","0","0","1","0","0"
"227","2002-05-23","0","0","1","0","0"
"228","2002-05-30","0","0","0","0","0"
"229","2002-06-06","0","0","1","1","0"
"230","2002-06-13","0","0","0","0","0"
"231","2002-06-20","1","0","1","1","0"
"232","2002-06-27","1","1","1","0","0"
"233","2002-07-04","0","1","0","0","0"
"234","2002-07-11","0","0","0","0","0"
"235","2002-07-18","0","0","1","0","0"
"236","2002-07-25","0","0","1","0","0"
"237","2002-08-01","0","0","1","0","0"
"238","2002-08-08","0","1","1","1","0"
"239","2002-08-15","0","0","1","0","0"
"240","2002-08-22","1","0","1","0","0"
"241","2002-08-29","1","1","1","0","0"
"242","2002-09-05","1","1","1","0","0"
"243","2002-09-12","0","0","1","0","0"
"244","2002-09-19","0","0","1","0","0"
"245","2002-09-26","0","1","1","0","0"
"246","2002-10-03","0","1","1","1","1"
"247","2002-10-10","0","0","1","1","0"
"248","2002-10-17","0","1","1","1","0"
"249","2002-10-24","0","1","1","0","1"
"250","2002-10-31","0","1","1","1","1"
"251","2002-11-07","0","1","1","1","1"
"252","2002-11-14","0","1","1","1","0"
"253","2002-11-21","0","1","1","1","0"
"254","2002-11-28","0","1","1","1","1"
"255","2002-12-05","1","0","1","0","0"
"256","2002-12-12","0","1","1","1","0"
"257","2002-12-19","0","0","1","0","1"
"258","2002-12-26","0","0","1","1","1"
"259","2003-01-02","1","0","0","0","0"
"260","2003-01-09","1","1","1","0","1"
"261","2003-01-16","1","0","1","1","0"
"262","2003-01-23","0","0","1","1","1"
"263","2003-01-30","1","1","1","1","1"
"264","2003-02-06","1","1","1","1","1"
"265","2003-02-13","1","0","1","0","1"
"266","2003-02-20","0","0","1","0","0"
"267","2003-02-27","0","0","1","0","0"
"268","2003-03-06","0","0","1","0","0"
"269","2003-03-13","1","0","1","0","0"
"270","2003-03-20","1","0","1","1","0"
"271","2003-03-27","1","0","1","1","0"
"272","2003-04-03","1","0","1","1","0"
"273","2003-04-10","1","0","0","0","0"
"274","2003-04-17","1","0","1","0","0"
"275","2003-04-24","1","0","1","0","1"
"276","2003-05-01","0","0","0","0","0"
"277","2003-05-08","1","0","0","0","0"
"278","2003-05-15","1","0","1","0","0"
"279","2003-05-22","0","0","1","0","0"
"280","2003-05-29","1","0","0","0","0"
"281","2003-06-05","0","0","1","0","0"
"282","2003-06-12","0","1","1","1","1"
"283","2003-06-19","1","0","0","0","1"
"284","2003-06-26","1","0","0","0","0"
"285","2003-07-03","0","0","0","1","0"
"286","2003-07-10","1","0","1","1","0"
"287","2003-07-17","1","0","0","1","0"
"288","2003-07-24","1","0","0","0","0"
"289","2003-07-31","1","0","0","0","0"
"290","2003-08-07","1","0","0","0","0"
"291","2003-08-14","1","0","0","0","0"
"292","2003-08-21","1","0","0","0","0"
"293","2003-08-28","1","1","0","1","0"
"294","2003-09-04","0","0","0","1","0"
"295","2003-09-11","1","0","1","1","1"
"296","2003-09-18","1","0","1","1","1"
"297","2003-09-25","1","1","1","1","1"
"298","2003-10-02","0","0","1","1","1"
"299","2003-10-09","0","1","1","1","1"
"300","2003-10-16","0","1","1","1","1"
"301","2003-10-23","0","1","1","1","1"
"302","2003-10-30","0","1","1","1","0"
"303","2003-11-06","0","0","1","1","0"
"304","2003-11-13","0","1","1","1","1"
"305","2003-11-20","0","1","1","1","1"
"306","2003-11-27","0","1","1","1","1"
"307","2003-12-04","0","1","1","1","0"
"308","2003-12-11","0","1","1","1","0"
"309","2003-12-18","0","1","1","1","1"
"310","2003-12-25","0","1","1","1","1"
"311","2004-01-01","1","1","1","1","1"
"312","2004-01-08","1","1","1","1","1"
"313","2004-01-15","1","0","1","1","0"
"314","2004-01-22","1","0","1","0","0"
"315","2004-01-29","1","0","1","0","0"
"316","2004-02-05","1","1","1","1","1"
"317","2004-02-12","1","1","1","0","0"
"318","2004-02-19","1","0","1","0","0"
"319","2004-02-26","0","0","1","0","0"
"320","2004-03-04","0","0","0","0","0"
"321","2004-03-11","0","0","1","1","0"
"322","2004-03-18","0","0","1","1","0"
"323","2004-03-25","0","1","1","1","1"
"324","2004-04-01","0","0","1","1","1"
"325","2004-04-08","0","0","0","0","1"
"326","2004-04-15","0","0","1","1","0"
"327","2004-04-22","0","1","1","0","0"
"328","2004-04-29","0","0","1","1","0"
"329","2004-05-06","0","0","1","1","1"
"330","2004-05-13","0","1","1","1","1"
"331","2004-05-20","0","0","0","0","0"
"332","2004-05-27","0","0","0","0","0"
"333","2004-06-03","0","1","0","0","0"
"334","2004-06-10","0","0","1","0","0"
"335","2004-06-17","0","0","1","1","0"
"336","2004-06-24","0","0","1","0","0"
"337","2004-07-01","0","0","1","0","0"
"338","2004-07-08","0","0","1","1","0"
"339","2004-07-15","0","0","1","0","0"
"340","2004-07-22","0","1","1","1","0"
"341","2004-07-29","0","0","1","0","0"
"342","2004-08-05","0","0","1","1","0"
"343","2004-08-12","0","1","1","1","1"
"344","2004-08-19","0","0","1","1","1"
"345","2004-08-26","0","0","1","0","1"
"346","2004-09-02","0","0","1","1","1"
"347","2004-09-09","0","1","1","1","0"
"348","2004-09-16","0","0","1","1","1"
"349","2004-09-23","0","0","1","1","1"
"350","2004-09-30","0","1","1","1","1"
"351","2004-10-07","0","0","1","1","0"
"352","2004-10-14","0","1","1","1","0"
"353","2004-10-21","0","1","1","1","0"
"354","2004-10-28","0","0","1","1","0"
"355","2004-11-04","0","0","1","1","0"
"356","2004-11-11","0","0","1","1","0"
"357","2004-11-18","0","0","1","1","1"
"358","2004-11-25","0","0","1","1","0"
"359","2004-12-02","0","1","1","1","1"
"360","2004-12-09","0","0","1","1","1"
"361","2004-12-16","0","0","1","1","0"
"362","2004-12-23","0","0","1","1","0"
"363","2004-12-30","0","0","1","1","1"
"364","2005-01-06","1","0","1","1","1"
"365","2005-01-13","1","0","1","1","1"
"366","2005-01-20","1","0","0","1","0"
"367","2005-01-27","1","0","1","1","1"
"368","2005-02-03","1","0","1","1","0"
"369","2005-02-10","1","0","1","1","1"
"370","2005-02-17","1","0","1","1","1"
"371","2005-02-24","1","0","1","1","1"
"372","2005-03-03","1","0","1","0","0"
"373","2005-03-10","1","0","0","0","0"
"374","2005-03-17","1","0","1","0","0"
"375","2005-03-24","0","0","0","0","0"
"376","2005-03-31","0","0","1","0","0"
"377","2005-04-07","1","0","0","0","0"
"378","2005-04-14","0","0","1","1","1"
"379","2005-04-21","1","0","0","0","0"
"380","2005-04-28","1","0","1","1","0"
"381","2005-05-05","1","0","1","1","0"
"382","2005-05-12","1","0","1","1","1"
"383","2005-05-19","1","0","0","0","0"
"384","2005-05-26","1","0","1","0","0"
"385","2005-06-02","1","0","1","0","0"
"386","2005-06-09","1","0","0","0","0"
"387","2005-06-16","1","0","0","1","0"
"388","2005-06-23","1","0","1","1","0"
"389","2005-06-30","1","0","0","0","0"
"390","2005-07-07","1","1","0","1","0"
"391","2005-07-14","1","1","0","1","1"
"392","2005-07-21","1","0","1","1","1"
"393","2005-07-28","1","0","1","1","0"
"394","2005-08-04","1","0","0","0","0"
"395","2005-08-11","1","0","0","0","0"
"396","2005-08-18","1","0","1","0","0"
"397","2005-08-25","1","0","1","0","0"
"398","2005-09-01","1","1","1","1","0"
"399","2005-09-08","1","0","1","1","0"
"400","2005-09-15","1","0","1","0","0"
"401","2005-09-22","1","0","1","0","0"
"402","2005-09-29","1","0","1","1","0"
"403","2005-10-06","1","0","1","1","0"
"404","2005-10-13","0","0","1","1","0"
"405","2005-10-20","0","0","1","1","0"
"406","2005-10-27","1","1","1","1","1"
"407","2005-11-03","1","0","1","1","1"
"408","2005-11-10","1","1","1","1","1"
"409","2005-11-17","0","0","1","0","1"
"410","2005-11-24","1","0","1","0","1"
"411","2005-12-01","1","1","1","1","1"
"412","2005-12-08","1","0","1","1","0"
"413","2005-12-15","0","0","1","1","1"
"414","2005-12-22","0","1","1","1","1"
"415","2005-12-29","0","0","0","0","0"
"416","2006-01-05","0","0","1","1","0"
"417","2006-01-12","0","0","0","0","0"
"418","2006-01-19","0","0","1","1","0"
"419","2006-01-26","0","0","1","1","1"
"420","2006-02-02","0","0","0","0","0"
"421","2006-02-09","0","0","1","1","1"
"422","2006-02-16","0","0","1","1","1"
"423","2006-02-23","0","0","1","0","0"
"424","2006-03-02","0","0","1","1","0"
"425","2006-03-09","0","0","0","1","1"
"426","2006-03-16","0","0","0","1","0"
"427","2006-03-23","0","0","1","1","1"
"428","2006-03-30","0","0","0","0","0"
"429","2006-04-06","0","0","1","1","0"
"430","2006-04-13","0","0","0","0","0"
"431","2006-05-04","0","0","0","0","0"
"432","2006-05-11","0","0","0","0","0"
"433","2006-05-18","0","0","0","0","0"
"434","2006-05-25","0","0","0","0","0"
"435","2006-06-01","0","0","0","0","0"
"436","2006-06-15","0","0","1","1","0"
"437","2006-07-06","0","0","1","0","0"
"438","2006-07-20","1","0","1","0","0"
"439","2006-07-27","1","0","1","0","0"
"440","2006-08-03","1","0","1","0","0"
"441","2006-08-10","1","0","0","0","0"
"442","2006-08-17","1","0","1","0","0"
"443","2006-08-24","1","0","1","0","0"
"444","2006-08-31","1","0","0","0","0"
"445","2006-09-07","1","0","1","0","0"
"446","2006-09-14","1","0","0","0","0"
"447","2006-09-21","1","0","1","0","1"
"448","2006-09-28","1","0","1","0","0"
"449","2006-10-05","1","0","0","0","0"
"450","2006-10-12","1","0","1","1","0"
"451","2006-10-19","1","0","0","0","0"
"452","2006-10-26","1","0","1","1","0"
"453","2006-11-02","1","0","1","1","0"
"454","2006-11-09","1","0","0","0","0"
"455","2006-11-16","1","0","0","0","0"
"456","2006-11-23","1","0","0","0","0"
"457","2006-11-30","1","0","0","0","0"
"458","2006-12-07","1","0","0","0","0"
"459","2006-12-14","0","0","1","1","0"
"460","2006-12-21","0","0","1","0","1"
"461","2006-12-28","1","0","1","1","0"
"462","2007-01-04","1","1","1","1","0"
"463","2007-01-11","1","1","1","1","0"
"464","2007-01-18","1","0","1","1","0"
"465","2007-01-25","1","0","1","1","0"
"466","2007-02-01","0","0","1","1","0"
"467","2007-02-08","1","1","1","1","0"
"468","2007-02-15","0","0","0","0","0"
"469","2007-02-22","0","0","0","0","0"
"470","2007-03-01","1","0","0","0","0"
"471","2007-03-08","0","0","0","0","0"
"472","2007-03-15","0","0","0","0","0"
"473","2007-03-22","0","0","0","0","0"
"474","2007-03-29","0","0","0","0","0"
"475","2007-04-05","0","0","0","0","0"
"476","2007-04-12","0","0","0","0","0"
"477","2007-04-19","0","0","0","0","0"
"478","2007-04-26","0","0","0","0","0"
"479","2007-05-03","0","0","0","0","0"
"480","2007-05-10","0","0","0","0","0"
"481","2007-05-17","0","0","0","0","0"
"482","2007-05-24","0","0","0","0","0"
"483","2007-05-31","0","0","0","0","0"
"484","2007-06-07","0","0","0","0","0"
"485","2007-06-14","0","0","1","1","0"
"486","2007-06-21","0","0","0","0","0"
"487","2007-06-28","0","0","1","0","1"
"488","2007-07-05","0","0","0","0","0"
"489","2007-07-12","0","0","0","0","0"
"490","2007-07-19","0","0","1","0","0"
"491","2007-07-26","0","0","0","0","0"
"492","2007-08-02","0","0","0","0","0"
"493","2007-08-09","0","0","1","0","0"
"494","2007-08-16","0","0","1","0","0"
"495","2007-08-23","0","0","1","0","0"
"496","2007-08-30","0","0","1","0","0"
"497","2007-09-06","0","0","1","0","0"
"498","2007-09-13","0","0","1","0","0"
"499","2007-09-20","0","0","1","0","0"
"500","2007-09-27","0","0","1","0","0"
"501","2007-10-04","0","1","1","0","1"
"502","2007-10-11","1","0","1","0","1"
"503","2007-10-18","1","1","1","0","0"
"504","2007-10-25","1","1","1","0","1"
"505","2007-11-01","0","1","1","1","1"
"506","2007-11-08","0","1","0","0","0"
"507","2007-11-15","0","1","0","0","0"
"508","2007-11-22","0","1","0","0","0"
"509","2007-11-29","0","1","0","0","0"
"510","2007-12-06","0","0","0","0","0"
"511","2007-12-13","0","0","0","0","0"
"512","2007-12-20","0","0","0","0","0"
"513","2007-12-27","0","0","0","0","0"
"514","2008-01-03","0","0","0","0","0"
"515","2008-01-10","0","0","0","0","1"
"516","2008-01-17","0","0","0","0","0"
"517","2008-01-24","0","1","1","0","0"
"518","2008-01-31","0","0","0","0","0"
"519","2008-02-07","0","0","0","0","0"
"520","2008-02-14","0","1","1","1","0"
"521","2008-02-21","0","0","0","0","0"
"522","2008-02-28","0","0","0","0","0"
"523","2008-03-06","0","0","1","0","0"
"524","2008-03-13","0","0","0","0","0"
"525","2008-03-20","0","0","0","0","0"
"526","2008-03-27","0","0","0","0","0"
"527","2008-04-03","0","0","1","0","0"
"528","2008-04-10","0","0","1","0","0"
"529","2008-04-17","0","0","0","0","0"
"530","2008-04-24","0","0","0","0","0"
"531","2008-05-01","0","0","0","0","0"
"532","2008-05-08","0","0","0","0","0"
"533","2008-05-15","0","0","0","0","0"
"534","2008-05-22","0","0","0","0","0"
"535","2008-05-29","0","0","0","0","0"
"536","2008-06-05","0","0","0","0","0"
"537","2008-06-12","0","0","0","0","0"
"538","2008-06-19","0","0","0","0","0"
"539","2008-06-26","0","1","1","0","0"
"540","2008-07-03","0","0","1","0","1"
"541","2008-07-10","0","0","0","0","0"
"542","2008-07-17","0","1","1","0","1"
"543","2008-07-24","0","1","1","0","1"
"544","2008-07-31","0","0","1","0","1"
"545","2008-08-07","0","0","0","0","0"
"546","2008-08-14","0","0","1","0","0"
"547","2008-08-21","0","0","0","0","0"
"548","2008-08-28","0","0","1","1","1"
"549","2008-09-04","0","1","1","1","0"
"550","2008-09-11","0","1","1","1","0"
"551","2008-09-18","0","1","1","1","1"
"552","2008-09-25","0","0","1","1","1"
"553","2008-10-02","0","0","1","1","0"
"554","2008-10-09","0","0","1","1","0"
"555","2008-10-16","0","1","1","1","0"
"556","2008-10-23","0","0","1","1","0"
"557","2008-10-30","0","1","1","1","0"
"558","2008-11-06","0","0","1","1","0"
"559","2008-11-13","0","0","1","1","0"
"560","2008-11-20","0","1","1","1","0"
"561","2008-11-27","0","1","0","0","0"
"562","2008-12-04","0","1","1","1","1"
"563","2008-12-11","0","0","1","1","1"
"564","2008-12-18","0","1","0","1","1"
"565","2008-12-25","0","0","0","1","1"
"566","2009-01-01","0","1","0","1","1"
"567","2009-01-08","0","1","0","0","1"
"568","2009-01-15","0","0","0","0","1"
"569","2009-01-22","0","1","0","0","0"
"570","2009-01-29","0","0","0","0","0"
"571","2009-02-05","0","1","1","1","0"
"572","2009-02-12","0","1","0","1","0"
"573","2009-02-19","0","1","0","0","1"
"574","2009-02-26","0","0","0","1","0"
"575","2009-03-05","0","1","0","0","0"
"576","2009-03-12","0","0","0","0","0"
"577","2009-03-19","0","0","0","0","0"
"578","2009-03-26","0","0","0","0","0"
"579","2009-04-02","0","0","0","0","0"
"580","2009-04-09","0","0","0","0","0"
"581","2009-04-16","0","0","0","0","0"
"582","2009-04-23","0","0","0","0","0"
"583","2009-04-30","0","0","0","0","0"
"584","2009-05-07","0","0","0","0","0"
"585","2009-05-14","0","0","1","1","1"
"586","2009-05-21","0","0","1","0","0"
"587","2009-05-28","0","0","1","0","0"
"588","2009-06-04","0","0","1","1","0"
"589","2009-06-11","0","1","1","0","0"
"590","2009-06-18","0","1","1","1","0"
"591","2009-06-25","0","0","0","0","0"
"592","2009-07-02","0","0","0","0","0"
"593","2009-07-09","0","0","1","1","0"
"594","2009-07-16","0","0","1","0","0"
"595","2009-07-23","0","0","1","1","0"
"596","2009-07-30","0","0","1","1","0"
"597","2009-08-06","0","0","1","0","0"
"598","2009-08-13","0","1","1","1","1"
"599","2009-08-20","0","0","1","1","0"
"600","2009-08-27","0","0","1","1","1"
"601","2009-09-03","0","1","1","1","1"
"602","2009-09-10","0","1","1","0","1"
"603","2009-09-17","0","0","1","1","0"
"604","2009-09-24","0","0","1","1","0"
"605","2009-10-01","0","0","1","1","0"
"606","2009-10-08","0","0","1","0","0"
"607","2009-10-15","0","1","1","1","1"
"608","2009-10-22","1","0","0","0","0"
"609","2009-10-29","1","0","0","0","0"
"610","2009-11-05","1","1","0","0","1"
"611","2009-11-12","0","0","0","0","0"
"612","2009-11-19","0","1","0","0","0"
"613","2009-11-26","0","0","1","1","1"
"614","2009-12-03","0","0","1","1","1"
"615","2009-12-10","0","1","1","1","0"
"616","2009-12-17","0","0","1","0","1"
"617","2009-12-24","0","0","1","0","1"
"618","2009-12-31","0","0","1","1","1"
"619","2010-01-07","0","1","1","1","1"
"620","2010-01-14","0","0","1","0","0"
"621","2010-01-21","0","0","1","0","0"
"622","2010-01-28","0","0","1","0","1"
"623","2010-02-04","0","0","1","0","0"
"624","2010-02-11","0","0","1","1","1"
"625","2010-02-18","0","0","1","1","1"
"626","2010-02-25","0","1","1","1","1"
"627","2010-03-04","0","0","1","1","1"
"628","2010-03-11","0","0","0","0","0"
"629","2010-03-18","0","1","1","1","0"
"630","2010-03-25","0","1","1","1","1"
"631","2010-04-01","0","1","1","1","1"
"632","2010-04-08","0","1","1","1","0"
"633","2010-04-15","0","1","1","1","1"
"634","2010-04-22","0","0","0","0","0"
"635","2010-04-29","0","0","1","0","0"
"636","2010-05-06","0","0","1","0","1"
"637","2010-05-13","0","0","1","0","0"
"638","2010-05-20","0","1","1","1","0"
"639","2010-05-27","0","0","1","0","0"
"640","2010-06-03","0","0","0","0","0"
"641","2010-06-10","0","0","0","0","0"
"642","2010-06-17","0","0","1","0","0"
"643","2010-06-24","0","0","1","0","0"
"644","2010-07-01","0","0","1","0","0"
"645","2010-07-08","0","0","1","1","0"
"646","2010-07-15","0","0","1","1","0"
"647","2010-07-22","0","0","1","1","0"
"648","2010-07-29","0","0","1","0","0"
"649","2010-08-05","0","0","1","0","0"
"650","2010-08-12","0","0","0","0","0"
"651","2010-08-19","0","0","0","0","0"
"652","2010-08-26","0","0","1","1","1"
"653","2010-09-02","0","0","1","1","0"
"654","2010-09-09","0","0","1","1","0"
"655","2010-09-16","0","1","1","1","0"
"656","2010-09-23","0","1","1","1","0"
"657","2010-09-30","0","0","1","1","0"
"658","2010-10-07","0","0","1","1","0"
"659","2010-10-14","0","1","1","1","0"
"660","2010-10-21","0","0","0","0","0"
"661","2010-10-28","0","0","1","1","1"
"662","2010-11-04","0","1","1","1","0"
"663","2010-11-11","0","0","1","1","0"
"664","2010-11-18","0","0","1","1","0"
"665","2010-11-25","0","0","0","1","1"
"666","2010-12-02","0","1","1","1","0"
"667","2010-12-09","0","0","1","1","0"
"668","2010-12-16","0","1","1","1","0"
"669","2010-12-23","0","0","0","0","0"
"670","2010-12-30","0","1","1","1","1"
"671","2011-01-06","0","1","0","1","1"
"672","2011-01-13","0","0","0","0","1"
"673","2011-01-20","0","1","1","1","1"
"674","2011-01-27","0","1","1","1","1"
"675","2011-02-03","0","1","1","1","1"
"676","2011-02-10","0","1","1","1","0"
"677","2011-02-17","0","1","1","1","0"
"678","2011-02-24","0","1","0","1","1"
"679","2011-03-03","0","1","1","1","1"
"680","2011-03-10","0","1","1","1","0"
"681","2011-03-17","0","0","0","0","0"
"682","2011-03-24","0","0","0","0","1"
"683","2011-03-31","0","0","1","0","1"
"684","2011-04-07","0","0","0","0","1"
"685","2011-04-14","0","0","0","0","0"
"686","2011-04-21","0","0","0","0","0"
"687","2011-04-28","0","1","0","0","0"
"688","2011-05-05","0","0","0","0","0"
"689","2011-05-12","0","0","0","0","0"
"690","2011-05-19","0","0","0","0","0"
"691","2011-05-26","0","0","0","0","0"
"692","2011-06-02","0","0","0","0","0"
"693","2011-06-09","0","0","0","0","0"
"694","2011-06-16","0","0","0","0","0"
"695","2011-06-23","0","0","0","1","0"
"696","2011-06-30","0","1","1","1","0"
"697","2011-07-07","0","0","1","0","0"
"698","2011-07-14","0","0","1","0","0"
"699","2011-07-21","0","0","1","0","0"
"700","2011-07-28","0","0","1","0","0"
"701","2011-08-04","0","0","0","0","0"
"702","2011-08-11","0","1","0","0","0"
"703","2011-08-18","0","0","1","0","0"
"704","2011-08-25","0","1","0","0","0"
"705","2011-09-01","0","0","1","0","0"
"706","2011-09-08","0","0","1","0","0"
"707","2011-09-15","0","1","1","1","1"
"708","2011-09-22","1","0","1","1","1"
"709","2011-09-29","1","1","1","1","1"
"710","2011-10-06","1","1","1","1","1"
"711","2011-10-13","1","1","1","1","1"
"712","2011-10-20","1","1","1","1","1"
"713","2011-10-27","1","1","1","1","1"
"714","2011-11-03","0","1","1","1","0"
"715","2011-11-10","0","1","1","1","1"
"716","2011-11-17","1","1","1","1","1"
"717","2011-11-24","1","1","1","1","1"
"718","2011-12-01","1","1","1","1","1"
"719","2011-12-08","1","1","1","1","1"
"720","2011-12-15","1","1","1","1","1"
"721","2011-12-22","1","1","1","1","1"
"722","2011-12-29","1","1","1","1","1"
"723","2012-01-05","1","1","0","0","1"
"724","2012-01-12","1","0","0","0","0"
"725","2012-01-19","0","1","0","0","1"
"726","2012-01-26","0","0","0","1","0"
"727","2012-02-02","0","0","0","0","1"
"728","2012-02-09","0","0","0","0","0"
"729","2012-02-16","0","1","0","0","1"
"730","2012-02-23","0","1","0","0","0"
"731","2012-03-01","0","1","0","0","1"
"732","2012-03-08","0","1","0","0","0"
"733","2012-03-15","0","0","0","0","0"
"734","2012-03-22","0","0","0","0","0"
"735","2012-03-29","0","0","0","0","0"
"736","2012-04-05","0","0","0","0","0"
"737","2012-04-12","0","0","0","0","0"
"738","2012-04-19","0","0","0","0","0"
"739","2012-04-26","0","0","1","0","1"
"740","2012-05-03","0","0","0","0","0"
"741","2012-05-10","0","0","0","0","0"
"742","2012-05-17","0","0","0","0","0"
"743","2012-05-24","0","0","0","0","0"
"744","2012-05-31","0","0","0","0","0"
"745","2012-06-07","0","0","1","0","1"
"746","2012-06-14","0","0","1","0","0"
"747","2012-06-21","0","0","1","0","1"
"748","2012-06-28","0","0","1","1","0"
"749","2012-07-05","0","0","1","1","0"
"750","2012-07-12","0","0","1","0","1"
"751","2012-07-19","0","0","1","1","0"
"752","2012-07-26","0","0","1","0","0"
"753","2012-08-02","0","0","1","0","0"
"754","2012-08-09","0","0","1","1","0"
"755","2012-08-16","0","0","1","1","0"
"756","2012-08-23","0","0","1","1","0"
"757","2012-08-30","0","0","1","1","0"
"758","2012-09-06","0","0","1","1","0"
"759","2012-09-13","0","0","1","1","0"
"760","2012-09-20","0","1","1","1","1"
"761","2012-09-27","1","0","1","1","1"
"762","2012-10-04","1","1","1","1","0"
"763","2012-10-11","1","1","1","1","0"
"764","2012-10-18","1","1","1","1","0"
"765","2012-10-25","1","0","1","0","1"
"766","2012-11-01","1","1","1","1","1"
"767","2012-11-08","1","0","1","1","1"
"768","2012-11-15","1","0","1","1","1"
"769","2012-11-22","1","0","1","1","0"
"770","2012-11-29","0","1","1","1","1"
"771","2012-12-06","1","1","1","1","1"
"772","2012-12-13","1","1","1","1","0"
"773","2012-12-20","1","0","0","0","0"
"774","2012-12-27","1","0","1","1","0"
"775","2013-01-03","1","0","1","1","0"
"776","2013-01-10","1","0","0","1","0"
"777","2013-01-17","1","0","1","1","1"
"778","2013-01-24","1","0","0","1","0"
"779","2013-01-31","1","1","0","1","1"
"780","2013-02-07","1","0","0","1","1"
"781","2013-02-14","1","0","0","0","0"
"782","2013-02-21","1","0","0","0","0"
"783","2013-02-28","1","0","0","0","0"
"784","2013-03-07","0","0","0","0","0"
"785","2013-03-14","1","0","0","0","0"
"786","2013-03-21","0","0","0","0","0"
"787","2013-03-28","1","0","0","0","0"
"788","2013-04-04","0","0","0","0","0"
"789","2013-04-11","0","1","1","1","1"
"790","2013-04-18","0","1","1","1","1"
"791","2013-04-25","0","0","1","0","1"
"792","2013-05-02","0","0","0","1","0"
"793","2013-05-09","0","0","0","0","1"
"794","2013-05-16","0","0","0","0","0"
"795","2013-05-23","0","0","1","1","1"
"796","2013-05-30","0","0","1","0","0"
"797","2013-06-06","0","0","1","0","0"
"798","2013-06-13","0","0","1","0","0"
"799","2013-06-20","0","0","1","1","1"
"800","2013-06-27","0","0","1","0","0"
"801","2013-07-04","0","0","1","1","0"
"802","2013-07-11","0","0","1","1","1"
"803","2013-07-18","0","1","1","0","1"
"804","2013-07-25","0","1","1","1","1"
"805","2013-08-01","0","1","1","1","1"
"806","2013-08-08","0","0","1","1","1"
"807","2013-08-15","0","0","1","1","1"
"808","2013-08-22","0","1","1","1","0"
"809","2013-08-29","0","1","1","1","1"
"810","2013-09-05","0","0","1","1","1"
"811","2013-09-12","0","1","1","1","1"
"812","2013-09-19","0","0","1","1","0"
"813","2013-09-26","0","0","1","1","0"
"814","2013-10-03","0","0","1","1","1"
"815","2013-10-10","0","1","1","1","1"
"816","2013-10-17","0","0","1","1","1"
"817","2013-10-24","0","1","1","1","1"
"818","2013-10-31","1","1","1","1","1"
"819","2013-11-07","0","1","1","1","1"
"820","2013-11-14","1","1","1","1","1"
"821","2013-11-21","1","1","1","1","1"
"822","2013-11-28","0","1","1","1","1"
"823","2013-12-05","0","0","0","1","1"
"824","2013-12-12","0","0","1","1","1"
"825","2013-12-19","0","0","0","1","1"
"826","2013-12-26","0","0","0","1","1"
"827","2014-01-02","0","0","0","0","0"
"828","2014-01-09","0","0","1","1","0"
"829","2014-01-16","0","1","0","1","1"
"830","2014-01-23","0","1","1","1","0"
"831","2014-01-30","0","1","1","1","0"
"832","2014-02-06","0","0","1","1","0"
"833","2014-02-13","0","0","1","1","0"
"834","2014-02-20","0","1","1","1","1"
"835","2014-02-27","0","0","1","1","0"
"836","2014-03-06","0","0","1","1","0"
"837","2014-03-13","0","0","1","0","0"
"838","2014-03-20","0","0","1","1","1"
"839","2014-03-27","0","0","1","0","1"
"840","2014-04-03","0","0","0","0","0"
"841","2014-04-10","0","0","1","1","0"
"842","2014-04-17","0","1","1","0","1"
"843","2014-04-24","0","1","0","0","0"
"844","2014-05-01","0","1","1","0","0"
"845","2014-05-08","0","0","1","0","0"
"846","2014-05-15","0","0","1","0","0"
"847","2014-05-22","0","1","1","0","1"
"848","2014-05-29","0","0","1","0","1"
"849","2014-06-05","0","0","0","0","0"
"850","2014-06-12","0","0","1","0","0"
"851","2014-06-19","0","0","1","1","1"
"852","2014-06-26","0","0","1","1","0"
"853","2014-07-03","0","0","1","1","1"
"854","2014-07-10","0","0","1","1","1"
"855","2014-07-17","0","0","1","0","0"
"856","2014-07-24","0","0","1","0","1"
"857","2014-07-31","1","0","1","1","1"
"858","2014-08-07","0","1","1","0","1"
"859","2014-08-14","1","0","1","0","0"
"860","2014-08-21","0","0","1","0","0"
"861","2014-08-28","1","1","1","0","0"
"862","2014-09-04","0","0","1","1","1"
"863","2014-09-11","0","0","1","1","0"
"864","2014-09-18","0","0","1","1","0"
"865","2014-09-25","0","0","1","1","0"
"866","2014-10-02","0","0","1","1","0"
"867","2014-10-09","0","0","1","1","0"
"868","2014-10-16","0","1","1","1","0"
"869","2014-10-23","1","1","1","1","1"
"870","2014-10-30","1","1","1","1","1"
"871","2014-11-06","1","1","1","1","1"
"872","2014-11-13","1","1","1","1","1"
"873","2014-11-20","1","0","1","1","0"
"874","2014-11-27","0","0","1","0","1"
"875","2014-12-04","0","0","1","1","0"
"876","2014-12-11","0","0","1","1","0"
"877","2014-12-18","0","0","1","1","0"
"878","2014-12-25","0","0","1","0","1"
"879","2015-01-01","0","0","1","0","0"
"880","2015-01-08","0","0","1","0","0"
"881","2015-01-15","0","0","1","0","0"
"882","2015-01-22","0","0","0","1","0"
"883","2015-01-29","0","0","1","1","0"
"884","2015-02-05","0","0","1","0","0"
"885","2015-02-12","0","0","1","1","0"
"886","2015-02-19","0","0","1","1","1"
"887","2015-02-26","0","0","1","0","0"
"888","2015-03-05","0","0","1","0","0"
"889","2015-03-12","0","0","1","1","1"
"890","2015-03-19","0","0","1","1","0"
"891","2015-03-26","0","0","1","1","1"
"892","2015-04-02","0","0","1","0","0"
"893","2015-04-09","0","1","1","1","0"
"894","2015-04-16","0","0","1","0","1"
"895","2015-04-23","0","1","0","0","0"
"896","2015-04-30","0","0","1","1","0"
"897","2015-05-07","0","1","0","1","1"
"898","2015-05-14","0","1","0","1","0"
"899","2015-05-21","0","1","0","1","0"
"900","2015-05-28","0","1","0","1","0"
"901","2015-06-04","0","1","1","1","0"
"902","2015-06-11","0","0","1","0","1"
"903","2015-06-18","0","0","0","0","0"
"904","2015-06-25","0","0","0","0","0"
"905","2015-07-02","0","0","1","1","0"
"906","2015-07-09","0","0","1","1","0"
"907","2015-07-16","0","0","0","0","0"
"908","2015-07-23","0","0","0","0","0"
"909","2015-07-30","0","0","0","0","0"
"910","2015-08-06","0","0","0","0","0"
"911","2015-08-13","0","0","1","0","0"
"912","2015-08-20","0","0","1","1","1"
"913","2015-08-27","0","0","1","1","0"
"914","2015-09-03","0","0","1","1","0"
"915","2015-09-10","0","0","1","1","0"
"916","2015-09-17","0","0","1","1","1"
"917","2015-09-24","0","0","1","1","0"
"918","2015-10-01","0","0","1","1","1"
"919","2015-10-08","1","0","1","1","1"
"920","2015-10-15","1","0","1","1","1"
"921","2015-10-22","1","1","1","1","1"
"922","2015-10-29","1","1","1","1","0"
"923","2015-11-05","1","1","1","1","1"
"924","2015-11-12","1","0","1","1","1"
"925","2015-11-19","1","0","1","1","1"
"926","2015-11-26","1","0","1","1","1"
"927","2015-12-03","1","0","1","1","1"
"928","2015-12-10","1","0","1","1","1"
"929","2015-12-17","1","1","1","1","1"
"930","2015-12-24","1","1","1","0","0"
"931","2015-12-31","1","0","1","0","0"
"932","2016-01-07","1","0","1","1","1"
"933","2016-01-14","1","0","1","1","1"
"934","2016-01-21","1","0","1","0","0"
"935","2016-01-28","1","0","1","0","0"
"936","2016-02-04","1","0","1","1","0"
"937","2016-02-11","1","0","1","1","0"
"938","2016-02-18","0","0","1","1","0"
"939","2016-02-25","0","0","1","1","0"
"940","2016-03-03","0","0","1","1","0"
"941","2016-03-10","0","0","1","0","1"
"942","2016-03-17","0","0","1","1","0"
"943","2016-03-24","1","0","1","0","0"
"944","2016-03-31","1","0","1","0","0"
"945","2016-04-07","0","1","1","0","0"
"946","2016-04-14","0","0","1","0","0"
"947","2016-04-21","0","1","0","1","0"
"948","2016-04-28","0","0","0","0","0"
"949","2016-05-05","0","0","1","1","0"
"950","2016-05-12","0","0","1","0","1"
"951","2016-05-19","0","1","1","0","0"
"952","2016-05-26","0","0","1","1","0"
"953","2016-06-02","0","0","0","0","0"
"954","2016-06-09","0","0","1","1","0"
"955","2016-06-16","0","0","1","1","0"
"956","2016-06-23","0","0","1","1","0"
"957","2016-06-30","0","0","1","0","0"
"958","2016-07-07","0","0","1","0","0"
"959","2016-07-14","0","0","1","1","0"
"960","2016-07-21","0","0","1","0","1"
"961","2016-07-28","0","0","1","0","1"
"962","2016-08-04","0","0","1","0","0"
"963","2016-08-11","0","0","1","1","0"
"964","2016-08-18","0","0","1","1","0"
"965","2016-08-25","0","0","1","1","0"
"966","2016-09-01","0","1","1","0","0"
"967","2016-09-08","0","0","1","1","0"
"968","2016-09-15","1","0","1","0","0"
"969","2016-09-22","1","0","1","0","0"
"970","2016-09-29","1","0","1","1","0"
"971","2016-10-06","1","0","1","1","0"
"972","2016-10-13","1","0","1","1","0"
"973","2016-10-20","1","0","1","0","0"
"974","2016-10-27","1","0","1","0","0"
"975","2016-11-03","1","0","1","0","0"
"976","2016-11-10","1","0","1","0","1"
"977","2016-11-17","1","0","1","0","1"
"978","2016-11-24","1","0","1","0","1"
"979","2016-12-01","1","0","0","1","1"
"980","2016-12-08","1","0","1","0","1"
"981","2016-12-15","1","0","0","0","0"
"982","2016-12-22","1","0","0","0","0"
"983","2016-12-29","1","0","0","0","1"
"984","2017-01-05","1","1","0","1","1"
"985","2017-01-12","1","1","0","1","1"
"986","2017-01-19","1","0","0","0","1"
"987","2017-01-26","1","1","0","0","0"
"988","2017-02-02","1","0","0","0","0"
"989","2017-02-09","1","0","0","0","0"
"990","2017-02-16","1","0","0","0","0"
"991","2017-02-23","1","0","1","0","1"
"992","2017-03-02","1","0","0","0","1"
"993","2017-03-09","0","0","0","0","1"
"994","2017-03-16","1","1","0","1","1"
"995","2017-03-23","1","0","0","1","0"
"996","2017-03-30","1","0","0","0","0"
"997","2017-04-06","0","0","0","1","1"
"998","2017-04-13","0","0","0","0","0"
"999","2017-04-20","0","0","0","0","0"
"1000","2017-04-27","0","0","0","0","0"
"1001","2017-05-04","0","0","0","0","0"
"1002","2017-05-11","0","0","0","0","0"
"1003","2017-05-18","0","0","0","0","0"
"1004","2017-05-25","0","0","0","0","0"
"1005","2017-06-01","0","0","0","0","0"
"1006","2017-06-08","0","0","1","1","0"
"1007","2017-06-15","0","0","1","1","1"
"1008","2017-06-22","0","0","1","1","1"
"1009","2017-06-29","0","0","1","1","1"
"1010","2017-07-06","0","0","1","1","1"
"1011","2017-07-13","0","0","1","1","0"
"1012","2017-07-20","0","0","1","1","0"
"1013","2017-07-27","0","0","1","1","1"
"1014","2017-08-03","0","0","1","1","1"
"1015","2017-08-10","0","0","1","1","1"
"1016","2017-08-17","0","0","1","1","0"
"1017","2017-08-24","0","0","1","1","0"
"1018","2017-08-31","0","1","1","0","0"
"1019","2017-09-07","0","0","1","0","1"
"1020","2017-09-14","0","0","1","1","0"
"1021","2017-09-21","0","0","1","1","0"
"1022","2017-09-28","0","1","1","1","0"
"1023","2017-10-05","0","1","1","1","1"
"1024","2017-10-12","0","1","1","1","0"
"1025","2017-10-19","0","1","1","1","0"
"1026","2017-10-26","0","1","1","1","1"
"1027","2017-11-02","0","1","1","1","1"
"1028","2017-11-09","1","1","1","1","1"
"1029","2017-11-16","1","1","1","1","1"
"1030","2017-11-23","1","1","1","1","0"
"1031","2017-11-30","1","0","1","1","0"
"1032","2017-12-07","1","1","1","1","0"
"1033","2017-12-14","1","0","1","1","1"
"1034","2017-12-21","1","0","1","1","1"
"1035","2017-12-28","1","1","1","1","1"
"1036","2018-01-04","1","0","0","1","0"
"1037","2018-01-11","0","0","1","1","0"
"1038","2018-01-18","0","0","0","1","0"
"1039","2018-01-25","0","0","1","0","0"
"1040","2018-02-01","0","0","1","0","0"
"1041","2018-02-08","0","0","1","0","0"
"1042","2018-02-15","1","0","1","0","0"
"1043","2018-02-22","1","0","1","0","0"
"1044","2018-03-01","1","0","0","0","0"
"1045","2018-03-08","1","0","0","0","0"
"1046","2018-03-15","1","0","0","0","0"
"1047","2018-03-22","1","0","0","0","0"
"1048","2018-03-29","1","0","0","0","0"
"1049","2018-04-05","1","0","0","0","0"
"1050","2018-04-12","1","0","0","1","0"
"1051","2018-04-19","1","0","0","0","0"
"1052","2018-04-26","1","0","0","0","0"
"1053","2018-05-03","1","0","0","0","0"
"1054","2018-05-10","0","0","0","1","0"
"1055","2018-05-17","0","0","1","1","0"
"1056","2018-05-24","0","0","1","1","0"
"1057","2018-05-31","1","0","1","1","0"
"1058","2018-06-07","1","0","1","1","0"
"1059","2018-06-14","1","0","1","1","0"
"1060","2018-06-21","1","0","1","1","0"
"1061","2018-06-28","1","0","1","1","0"
"1062","2018-07-05","1","0","1","1","0"
"1063","2018-07-12","1","0","1","1","0"
"1064","2018-07-19","1","0","1","1","0"
"1065","2018-07-26","1","0","1","1","0"
"1066","2018-08-02","1","0","1","1","0"
"1067","2018-08-09","1","0","1","1","0"
"1068","2018-08-16","1","0","1","1","0"
"1069","2018-08-23","1","0","1","1","0"
"1070","2018-08-30","1","0","1","1","0"
"1071","2018-09-13","1","0","1","1","0"
"1072","2018-09-20","1","0","1","1","0"
